MDanialAkmalRosli,https://www.youtube.com/watch?v=4KkyyJaw0f0
aafham,http://www.youtube.com/watch?v=_biXHaJJOfs
Chewteng,https://youtu.be/HREzUzW8u2o
wynnylwy,https://youtu.be/ikLCib1pSCs
Ieejiajia,https://youtu.be/3dutrsniXqM
henrylai98,https://youtu.be/6V2GzFeRO_Y
VishnuKumaran,https://youtu.be/3bzrOoYgc-s
yongkaiyi1998,https://www.youtube.com/watch?v=QJKb3xTjKyM
AidenLeong,https://www.youtube.com/watch?v=CvlhMTwEQmE
yejinloh,https://youtu.be/bhkuPXb-Dx0
jingminlim,https://youtu.be/jUfMYAG6fDw
alex980818,https://youtu.be/mI6AK6pdsn8
yongkarshin,https://youtu.be/XU-LeAdKfkc
mhdamn34,https://youtu.be/Ut9w8VpI-Lw
eujin0212,https://youtu.be/x2jCel1D7Rg
Syaiful98,https://youtu.be/xnvRa8x989I
muhammadfakhruddin,https://youtu.be/ukmobnw8au8
Tan-Yi-Cheng,https://youtu.be/pZUHXj9Qm_0
ihsan-akif,https://youtu.be/DNlFw-7UH7E
nuramirahsayukhi,http://www.youtube.com/watch?v=dX5CUrtDB9c
ze-ang,https://youtu.be/TIlowwraTLU
madihahdihah97,https://youtu.be/OE1j1PrMnCs
